issue_id,issue_number,title,state,created_date,closed_date,contributors,repo_owner,repo_name
I_kwDOAbI7X8684hDn,61017,English A2 - Learn Introductions in an Online Team Meeting - Task 99 - Requiring dot in answer,OPEN,2025-06-23T17:35:09Z,,,freeCodeCamp,freeCodeCamp
I_kwDOAbI7X866HfdB,60732,Tic-tac-toe lab - testing draw is too lenient,OPEN,2025-06-05T20:14:23Z,,,freeCodeCamp,freeCodeCamp
I_kwDOAbI7X8684DjN,61015,Small Naming Convention Issue in Build A Weather App Lab - Javascript Section - Full Stack Web Dev Course,OPEN,2025-06-23T16:44:23Z,,,freeCodeCamp,freeCodeCamp
I_kwDOAbI7X8681XEJ,61002,Chore: update two tests to use specific assert,CLOSED,2025-06-23T12:56:11Z,2025-06-23T18:04:02Z,Hassan Waqar,freeCodeCamp,freeCodeCamp
I_kwDOAbI7X868t4Cx,60985,"Typo: ""uses cases"" should be ""use cases"", and ""foot notes"" should be ""footnotes""",CLOSED,2025-06-22T17:53:28Z,2025-06-23T17:28:44Z,Hassan Waqar,freeCodeCamp,freeCodeCamp
I_kwDOAbI7X868uFrJ,60992,"What Is Memoization, and How Does the useMemo Hook Work?",OPEN,2025-06-22T19:17:41Z,,,freeCodeCamp,freeCodeCamp
I_kwDOAbI7X868qK84,60965,Incorrect wording for Hotel Feedback Form - Step 24 - in the new Certified Full Stack Developer Curriculum,CLOSED,2025-06-21T15:29:01Z,2025-06-23T16:38:41Z,RiyaSharma028,freeCodeCamp,freeCodeCamp
I_kwDOAbI7X868qc1K,60966,chore: update two tests to use specific asserts,CLOSED,2025-06-21T17:21:12Z,2025-06-23T16:14:16Z,AnujNayak108,freeCodeCamp,freeCodeCamp
I_kwDOAbI7X868XhkG,60934,"What Are Effects in React, and How Does the useEffect Hook Work? Video example",OPEN,2025-06-19T13:07:06Z,,,freeCodeCamp,freeCodeCamp
I_kwDOAbI7X868t9Vi,60991,"Grammar fix: ""a underline"" → ""an underline"" and remove ""then""",OPEN,2025-06-22T18:27:44Z,,,freeCodeCamp,freeCodeCamp
I_kwDOAbI7X8682uot,61009,"Small issue with lecture What Are the U, S, and Ruby Elements Used For, and How Do They Work?",OPEN,2025-06-23T14:42:58Z,,,freeCodeCamp,freeCodeCamp
I_kwDOAbI7X8682wK7,61011,"Small issue in What Is Memoization, and How Does the useMemo Hook Work?",OPEN,2025-06-23T14:44:56Z,,,freeCodeCamp,freeCodeCamp
I_kwDOAbI7X868t7v5,60989,"Tense mismatch: ""If you were to..., then you will..."" → should match tense",CLOSED,2025-06-22T18:17:14Z,2025-06-23T14:06:34Z,,freeCodeCamp,freeCodeCamp
I_kwDOAbI7X868kEZU,60949,Suggestion for new or replaced test for Gradebook App,OPEN,2025-06-20T14:42:53Z,,,freeCodeCamp,freeCodeCamp
I_kwDOAbI7X868gvtC,60945,chore: update steps 5-6-7 in magazine workshop to use specific asserts,CLOSED,2025-06-20T10:07:14Z,2025-06-23T12:38:45Z,yashurade27,freeCodeCamp,freeCodeCamp
I_kwDOAbI7X867b4ZW,60860,Declaring multiple variables in a single line fails - Build an fCC Authors Page (step 7),OPEN,2025-06-13T20:08:12Z,,,freeCodeCamp,freeCodeCamp
I_kwDOAbI7X868hG4c,60946,moved lectures need redirects,OPEN,2025-06-20T10:33:57Z,,,freeCodeCamp,freeCodeCamp
I_kwDOAbI7X868ueHO,60993,Curriculum Redirects not working?,OPEN,2025-06-22T21:45:31Z,,,freeCodeCamp,freeCodeCamp
I_kwDOAbI7X868mlFQ,60957,Add backticks to double dot notation,CLOSED,2025-06-20T19:42:40Z,2025-06-23T06:27:52Z,adarshdotdev,freeCodeCamp,freeCodeCamp
I_kwDOAbI7X868meBM,60956,Remove unused CSS,CLOSED,2025-06-20T19:26:11Z,2025-06-23T04:28:34Z,nishisurti2608,freeCodeCamp,freeCodeCamp
I_kwDOAbI7X868tq5m,60980,"Typo: ""such us"" should be ""such as""",CLOSED,2025-06-22T16:30:16Z,2025-06-22T19:16:48Z,TanishValesha,freeCodeCamp,freeCodeCamp
I_kwDOAbI7X868sbHR,60975,Form submission in preview don't give any feedback,OPEN,2025-06-22T08:15:17Z,,,freeCodeCamp,freeCodeCamp
I_kwDOAbI7X8679I9d,60907,"""The Cascade of CSS"" lesson: CSS selector question gives incorrect answer based on code",CLOSED,2025-06-17T12:42:43Z,2025-06-21T22:33:05Z,Shobhit150,freeCodeCamp,freeCodeCamp
I_kwDOAbI7X868q0-s,60971,.,CLOSED,2025-06-21T19:15:02Z,2025-06-21T19:16:22Z,,freeCodeCamp,freeCodeCamp
I_kwDOAbI7X866vLLj,60806,chore: update tests to specific asserts tracking issue,OPEN,2025-06-10T09:59:05Z,,,freeCodeCamp,freeCodeCamp
I_kwDOAbI7X868qANl,60964,Build a Music Player - Step 21 - Fails to pass in Safari,OPEN,2025-06-21T14:22:14Z,,,freeCodeCamp,freeCodeCamp
I_kwDOAbI7X868pd8S,60961,"The quiz for ""/quiz-javascript-higher-order-functions"" ramps up in difficulty extremely steeply",OPEN,2025-06-21T10:37:13Z,,,freeCodeCamp,freeCodeCamp
I_kwDOAbI7X868k63c,60954,CSS layout and effects quiz error,CLOSED,2025-06-20T16:08:13Z,2025-06-21T01:11:22Z,garv,freeCodeCamp,freeCodeCamp
I_kwDOAbI7X868K2F2,60922,test 'should expand the block of the most recently viewed challenge' is failing,CLOSED,2025-06-18T13:46:00Z,2025-06-20T20:57:04Z,,freeCodeCamp,freeCodeCamp
I_kwDOAbI7X868gpOB,60944,chore: update steps 2-3-4 in magazine workshop to use specific asserts,CLOSED,2025-06-20T09:59:46Z,2025-06-20T17:34:43Z,manthansubhash01,freeCodeCamp,freeCodeCamp
I_kwDOAbI7X868kw2e,60953,Build a Superhero Application Form step 21 too strict,OPEN,2025-06-20T15:48:55Z,,,freeCodeCamp,freeCodeCamp
I_kwDOAbI7X868gXvt,60943,Replace `==` with `===` in `execute-challenge-saga.js`,CLOSED,2025-06-20T09:40:33Z,2025-06-20T16:10:36Z,DevDolphin7,freeCodeCamp,freeCodeCamp
I_kwDOAbI7X866nJm7,60795,Add warning when user attempts to close browser tab with unsaved privacy settings,OPEN,2025-06-09T16:39:25Z,,,freeCodeCamp,freeCodeCamp
I_kwDOAbI7X8606bFr,60119,"""Build a lunch"" lab: failure message for getRandomLunch()",CLOSED,2025-05-02T05:29:10Z,2025-06-20T11:10:29Z,Ajay-2005;ilenia-magoni,freeCodeCamp,freeCodeCamp
I_kwDOAbI7X867wFxE,60895,Create new language icons for Spanish and Chinese,OPEN,2025-06-16T13:05:35Z,,,freeCodeCamp,freeCodeCamp
I_kwDOAbI7X860-p3l,60129,Add checks to ensure that proper headings are present in english curriculum challenges,OPEN,2025-05-02T15:45:35Z,,,freeCodeCamp,freeCodeCamp
I_kwDOAbI7X868bhTe,60938,Add note for JavaScript and A11y module,CLOSED,2025-06-19T21:04:48Z,2025-06-20T08:35:39Z,jdwilkin4,freeCodeCamp,freeCodeCamp
I_kwDOAbI7X86y2DdZ,59776,"Feature Request: ""Start Where You Left Off"" for Lessons",OPEN,2025-04-16T19:09:33Z,,,freeCodeCamp,freeCodeCamp
I_kwDOAbI7X868aams,60937,Build a Fruit Search App Step 15,CLOSED,2025-06-19T18:07:56Z,2025-06-19T18:37:07Z,,freeCodeCamp,freeCodeCamp
I_kwDOAbI7X86lM1S6,57972,Inconsistency in the `completedDate` value returned,OPEN,2025-01-06T23:18:09Z,,,freeCodeCamp,freeCodeCamp
I_kwDOAbI7X868SO2n,60931,[Profile Card workshop] Step 4 not checking the return statement,OPEN,2025-06-19T04:37:16Z,,,freeCodeCamp,freeCodeCamp
I_kwDOAbI7X86mUYIE,58161,Sentence Analyzer Small Confusions,OPEN,2025-01-15T16:56:41Z,,,freeCodeCamp,freeCodeCamp
I_kwDOAbI7X86lCvuZ,57921,Curriculum: Support teaching campers how to edit JSON files,CLOSED,2025-01-04T18:44:13Z,2025-06-19T15:32:34Z,,freeCodeCamp,freeCodeCamp
I_kwDOAbI7X86k_3Fv,57918,Disable preview for labs that don't need them,CLOSED,2025-01-03T21:35:28Z,2025-06-19T15:20:11Z,,freeCodeCamp,freeCodeCamp
I_kwDOAbI7X86k9SwL,57897,The `h1` element of review pages are smaller than the `h2` elements there,OPEN,2025-01-03T12:53:44Z,,,freeCodeCamp,freeCodeCamp
I_kwDOAbI7X86kobjV,57818,Consider saving the code for labs,OPEN,2024-12-29T01:19:34Z,,,freeCodeCamp,freeCodeCamp
I_kwDOAbI7X86kHZ22,57648,Creating a new Information Security Project - Web Vulnerability Scanner,CLOSED,2024-12-20T19:56:26Z,2025-06-19T15:04:28Z,,freeCodeCamp,freeCodeCamp
I_kwDOAbI7X86kF6fU,57640,[bug] donation modal mostly empty,CLOSED,2024-12-20T15:59:04Z,2025-06-19T15:02:08Z,,freeCodeCamp,freeCodeCamp
I_kwDOAbI7X86jPhOB,57518,Form validation and completion modal,CLOSED,2024-12-13T16:25:41Z,2025-06-19T14:58:53Z,,freeCodeCamp,freeCodeCamp
I_kwDOAbI7X86htFzB,57391,Clean up challenge types,OPEN,2024-12-02T18:42:06Z,,,freeCodeCamp,freeCodeCamp
I_kwDOAbI7X867OmZO,60847,The quiz for async/defer attributes includes a question with content not discussed in video/transcript,CLOSED,2025-06-12T18:00:26Z,2025-06-19T11:05:12Z,vishnudt2004,freeCodeCamp,freeCodeCamp
I_kwDOAbI7X860p-l5,60083,Build a City Skyline Checks are Funky,OPEN,2025-04-30T10:49:05Z,,,freeCodeCamp,freeCodeCamp
I_kwDOAbI7X868QzEC,60929,Build a Color Picker App,CLOSED,2025-06-19T00:32:21Z,2025-06-19T00:57:01Z,,freeCodeCamp,freeCodeCamp
I_kwDOAbI7X866XR28,60761,Build a Quiz Webpage - Step 24 with misguided instruction.,CLOSED,2025-06-07T07:46:03Z,2025-06-18T23:42:12Z,AishwaryaRajput09,freeCodeCamp,freeCodeCamp
I_kwDOAbI7X866vaPN,60811,chore: update tests to use specific asserts in cat paiting steps 71-74,CLOSED,2025-06-10T10:16:56Z,2025-06-18T21:36:08Z,ritsth,freeCodeCamp,freeCodeCamp
I_kwDOAbI7X8675UpO,60902,TOP: CSS Foundations Exercise C needs some updates,CLOSED,2025-06-17T07:21:32Z,2025-06-18T20:39:19Z,abhilashini,freeCodeCamp,freeCodeCamp
I_kwDOAbI7X86ys5rt,59751,Add set 2 of questions for CSS Flexbox quiz,OPEN,2025-04-16T02:01:28Z,,,freeCodeCamp,freeCodeCamp
I_kwDOAbI7X86ys-Lk,59753,Add set 2 of questions for CSS Positioning quiz,OPEN,2025-04-16T02:12:11Z,,,freeCodeCamp,freeCodeCamp
I_kwDOAbI7X86QMbpW,55570,Distinguish challenge tests expected to pass with seed code,OPEN,2024-07-19T15:11:21Z,,,freeCodeCamp,freeCodeCamp
I_kwDOAbI7X866oNDm,60796,[Profile Card workshop] Step 1 not checking the return statement,CLOSED,2025-06-09T18:30:02Z,2025-06-18T19:51:18Z,Supravisor,freeCodeCamp,freeCodeCamp
I_kwDOAbI7X867yOvz,60898,Full Stack YouTube transcripts,OPEN,2025-06-16T15:54:32Z,,,freeCodeCamp,freeCodeCamp
I_kwDOAbI7X868MAuW,60923,workshop toggle text app step 4 naming,OPEN,2025-06-18T15:11:32Z,,,freeCodeCamp,freeCodeCamp
I_kwDOAbI7X864mNf8,60563,Unclear description in Workshop fCC Authors Page - Step 12 and 13,CLOSED,2025-05-28T11:31:21Z,2025-06-18T09:07:41Z,vishnudt2004,freeCodeCamp,freeCodeCamp
I_kwDOAbI7X868CjmC,60914,How Do Events Work in React? SRT file,OPEN,2025-06-17T21:15:10Z,,,freeCodeCamp,freeCodeCamp
I_kwDOAbI7X867zr7N,60900,Job Application form should test that input and label are linked correctly,CLOSED,2025-06-16T18:23:10Z,2025-06-18T07:58:44Z,a2937,freeCodeCamp,freeCodeCamp
I_kwDOAbI7X866HVFV,60731,Tic-tac-toe lab - not checked diagonal win conditions,OPEN,2025-06-05T20:00:07Z,,,freeCodeCamp,freeCodeCamp
I_kwDOAbI7X867qClb,60889,Bug/Incorrect Code in Step 15-16 of Full-stack Curriculum -> Fruit Search App,CLOSED,2025-06-16T02:42:46Z,2025-06-18T04:34:46Z,ilenia-magoni;vishnudt2004,freeCodeCamp,freeCodeCamp
I_kwDOAbI7X868CyRn,60915,Learn localStorage by Building a Todo App - Step 51,CLOSED,2025-06-17T21:46:51Z,2025-06-18T00:40:43Z,,freeCodeCamp,freeCodeCamp
I_kwDOAbI7X867c50R,60866,Remove `alert-info` class,CLOSED,2025-06-13T22:07:48Z,2025-06-17T17:27:54Z,tanmaygautam11,freeCodeCamp,freeCodeCamp
I_kwDOAbI7X867Ohv3,60846,Build a recipe tracker - step 7,CLOSED,2025-06-12T17:53:13Z,2025-06-17T17:21:59Z,Supravisor,freeCodeCamp,freeCodeCamp
I_kwDOAbI7X865rAUQ,60692,Update questions for set 2 of semantic HTML quiz,OPEN,2025-06-03T18:44:07Z,,,freeCodeCamp,freeCodeCamp
I_kwDOAbI7X865yMFd,60703,Preserve pre-sign-in activity and resume after authentication,OPEN,2025-06-04T08:20:29Z,,,freeCodeCamp,freeCodeCamp
I_kwDOAbI7X861sa5w,60228,Persisting Last User Activity,OPEN,2025-05-08T09:05:56Z,,,freeCodeCamp,freeCodeCamp
I_kwDOAbI7X864rUk3,60572,Add JS and A11y module object to `full-stack.json` file,CLOSED,2025-05-28T19:32:13Z,2025-06-17T10:14:52Z,huyenltnguyen;ilenia-magoni;jdwilkin4,freeCodeCamp,freeCodeCamp
I_kwDOAbI7X867One2,60848,Fix user story 4 in currency converter lab,CLOSED,2025-06-12T18:02:42Z,2025-06-16T14:43:40Z,Cas-Romero;ilenia-magoni,freeCodeCamp,freeCodeCamp
I_kwDOAbI7X867ZPjT,60857,Build a Voting System test 17 too strict,OPEN,2025-06-13T15:33:08Z,,,freeCodeCamp,freeCodeCamp
I_kwDOAbI7X867pz2_,60888,Bug in Step 6 of Full Stack Developer Workshop - p element text mismatch,CLOSED,2025-06-16T01:54:56Z,2025-06-16T08:02:45Z,,freeCodeCamp,freeCodeCamp
I_kwDOAbI7X861ts0c,60230,Forum login message,CLOSED,2025-05-08T11:09:22Z,2025-06-16T04:12:07Z,krasnoff,freeCodeCamp,freeCodeCamp
I_kwDOAbI7X867c5BM,60865,Update SuperBlockIntro to use Callout component,CLOSED,2025-06-13T22:05:41Z,2025-06-16T04:10:54Z,Sky-walkerX,freeCodeCamp,freeCodeCamp
I_kwDOAbI7X867omhS,60882,Remove unused CSS,CLOSED,2025-06-15T19:07:54Z,2025-06-16T04:09:41Z,aldinash,freeCodeCamp,freeCodeCamp
I_kwDOAbI7X863jX9t,60461,Inconvenient discovery of challenges in Full Stack Developer Curriculum,OPEN,2025-05-21T09:08:10Z,,,freeCodeCamp,freeCodeCamp
I_kwDOAbI7X867op2v,60883,Hide dumbbell icon from screen readers,CLOSED,2025-06-15T19:18:27Z,2025-06-15T20:50:31Z,igor570,freeCodeCamp,freeCodeCamp
I_kwDOAbI7X867c3ZY,60864,Update OfflineWarning to use Alert component,CLOSED,2025-06-13T22:01:58Z,2025-06-15T19:27:58Z,Sky-walkerX,freeCodeCamp,freeCodeCamp
I_kwDOAbI7X867XRJZ,60853,Build a Weather App it's not a forecast,CLOSED,2025-06-13T12:35:42Z,2025-06-15T15:03:45Z,dev-kamil,freeCodeCamp,freeCodeCamp
I_kwDOAbI7X86dwajV,57113,Shortest-Path-Algorithm Challenge: Report with suggestions to improve the learning experience,OPEN,2024-11-10T01:58:08Z,,,freeCodeCamp,freeCodeCamp
I_kwDOAbI7X864o7i_,60567,Add redirects for moved challenges,CLOSED,2025-05-28T15:15:16Z,2025-06-14T15:53:45Z,a2937,freeCodeCamp,freeCodeCamp
I_kwDOAbI7X867heXg,60874,backend test runner does not set origin on fetch,OPEN,2025-06-14T12:41:21Z,,,freeCodeCamp,freeCodeCamp
I_kwDOAbI7X867dCxh,60868,Remove browser extensions note from legacy block pages,CLOSED,2025-06-13T22:25:55Z,2025-06-14T10:15:29Z,GoldFoylee,freeCodeCamp,freeCodeCamp
I_kwDOAbI7X865M5cX,60646,Suggestion: Add example for responsive images in HTML challenges,CLOSED,2025-06-01T12:18:55Z,2025-06-02T08:23:34Z,,freeCodeCamp,freeCodeCamp
I_kwDOAbI7X865M5PL,60644,Accessibility enhancement: Add missing alt text to documentation images,CLOSED,2025-06-01T12:18:15Z,2025-06-02T08:24:04Z,,freeCodeCamp,freeCodeCamp
I_kwDOAbI7X866yHzb,60816,Notification banner text hard to read/notice,OPEN,2025-06-10T13:54:05Z,,,freeCodeCamp,freeCodeCamp
I_kwDOAbI7X86ysxsV,59746,Add set 2 of questions for Design Fundamentals Quiz,CLOSED,2025-04-16T01:39:43Z,2025-06-13T20:19:04Z,abhilashini,freeCodeCamp,freeCodeCamp
I_kwDOAbI7X867DIUz,60836,[Profile Card workshop] Improve instructions of step 2,CLOSED,2025-06-11T21:27:48Z,2025-06-13T14:46:39Z,shreyakaushal180,freeCodeCamp,freeCodeCamp
I_kwDOAbI7X866p8DT,60797,Certain explanations are wrapped in backticks,OPEN,2025-06-09T21:41:17Z,,,freeCodeCamp,freeCodeCamp
I_kwDOAbI7X867Qbu2,60849,[Moon Orbit lab] Improve hint text,CLOSED,2025-06-12T21:52:27Z,2025-06-13T10:11:41Z,shruti-cpp,freeCodeCamp,freeCodeCamp
I_kwDOAbI7X865Gem0,60630,Update review pages for grouping radio buttons,CLOSED,2025-05-31T13:27:19Z,2025-06-13T08:21:18Z,TrevorBrowning;huyenltnguyen,freeCodeCamp,freeCodeCamp
I_kwDOAbI7X866dxcO,60778,Quiz Webpage: Step 40,CLOSED,2025-06-08T13:45:30Z,2025-06-12T18:13:32Z,,freeCodeCamp,freeCodeCamp
I_kwDOAbI7X866TNNZ,60750,Superhero application form - elusive `value` attribute on first option,CLOSED,2025-06-06T18:49:50Z,2025-06-12T16:32:05Z,vishnudt2004,freeCodeCamp,freeCodeCamp
I_kwDOAbI7X866vYpx,60810,"chore: update cat painting steps 66,67,69,70 to use specific asserts",CLOSED,2025-06-10T10:14:37Z,2025-06-12T16:16:00Z,asabahebwa;ilenia-magoni,freeCodeCamp,freeCodeCamp
I_kwDOAbI7X866vVvX,60809,"chore: update steps 59-61,65 to use specific asserts",CLOSED,2025-06-10T10:10:24Z,2025-06-12T15:17:05Z,pratham-exe,freeCodeCamp,freeCodeCamp
I_kwDOAbI7X867LslD,60842,my count of longest streak is not working,CLOSED,2025-06-12T13:55:13Z,2025-06-12T14:12:24Z,,freeCodeCamp,freeCodeCamp
I_kwDOAbI7X863pk0P,60473,Add images for the RPG creatures project,OPEN,2025-05-21T18:47:38Z,,,freeCodeCamp,freeCodeCamp
I_kwDOAbI7X866SZ4K,60745,Use `jsx` as the language identifer for React code blocks,CLOSED,2025-06-06T17:15:57Z,2025-06-12T11:57:25Z,AishwaryaRajput09;huyenltnguyen,freeCodeCamp,freeCodeCamp
I_kwDOAbI7X864mNYO,60562,Update the certification map to increase conversion to the first step.,CLOSED,2025-05-28T11:31:08Z,2025-06-12T09:47:15Z,ahmaxed,freeCodeCamp,freeCodeCamp
I_kwDOAbI7X866TUVi,60752,Superhero application form - requiring implicit return in `onChange` function,CLOSED,2025-06-06T19:01:22Z,2025-06-12T09:09:17Z,vishnudt2004,freeCodeCamp,freeCodeCamp
I_kwDOAbI7X866etyU,60783,should all events dispatched bubble up?,OPEN,2025-06-08T18:50:01Z,,,freeCodeCamp,freeCodeCamp
I_kwDOAbI7X865pl-V,60690,new lines cause failures in tests checking element content,OPEN,2025-06-03T16:37:46Z,,,freeCodeCamp,freeCodeCamp
I_kwDOAbI7X866miKj,60793,Disable Continous Integration on Draft PRs,CLOSED,2025-06-09T15:33:38Z,2025-06-12T00:43:14Z,,freeCodeCamp,freeCodeCamp
I_kwDOAbI7X86614SH,60820,[Nutrition Label] Repeated class name in step 8,CLOSED,2025-06-10T19:50:39Z,2025-06-11T21:27:57Z,raman976,freeCodeCamp,freeCodeCamp
I_kwDOAbI7X866899P,60829,Typo in Learn How to Discuss Tech Trends and Updates - Task 49,CLOSED,2025-06-11T11:51:35Z,2025-06-11T17:40:29Z,hema312006,freeCodeCamp,freeCodeCamp
I_kwDOAbI7X862uUGG,60368,issues with tests for Design a Business Card lab,OPEN,2025-05-15T09:34:40Z,,,freeCodeCamp,freeCodeCamp
I_kwDOAbI7X86ys_JN,59754,Add set 2 of questions for Responsive Web design quiz,CLOSED,2025-04-16T02:15:19Z,2025-06-11T14:23:36Z,saif814,freeCodeCamp,freeCodeCamp
I_kwDOAbI7X866vbcW,60812,chore: update steps 78-80 in cat paiting to use specific asserts in tests,CLOSED,2025-06-10T10:18:16Z,2025-06-11T09:26:27Z,ChaplainRafael,freeCodeCamp,freeCodeCamp
I_kwDOAbI7X866vO-5,60807,"chore: update steps 2,8,9,10 of cat painting workshop to use specific asserts",CLOSED,2025-06-10T10:03:25Z,2025-06-11T08:58:32Z,ric-projects,freeCodeCamp,freeCodeCamp
I_kwDOAbI7X866vSD2,60808,chore: update cat painting steps 11-14 to use specific asserts,CLOSED,2025-06-10T10:06:22Z,2025-06-11T07:10:35Z,mosse692,freeCodeCamp,freeCodeCamp
I_kwDOAbI7X8661_dm,60821,Missing space between ending backtick and opening parenthesis,CLOSED,2025-06-10T20:04:26Z,2025-06-11T04:15:39Z,dev-kamil,freeCodeCamp,freeCodeCamp
I_kwDOAbI7X866x_er,60815,module.exports – How to Export in Node.js and JavaScript | Miss leading or not detail explanation why,CLOSED,2025-06-10T13:44:50Z,2025-06-10T21:30:12Z,,freeCodeCamp,freeCodeCamp
I_kwDOAbI7X866HKH6,60730,Fruit search app workshop - index as key,CLOSED,2025-06-05T19:44:30Z,2025-06-10T18:50:29Z,StephenMuya,freeCodeCamp,freeCodeCamp
I_kwDOAbI7X8656Mpn,60719,Improve how screen readers announce quiz question text,CLOSED,2025-06-04T20:32:20Z,2025-06-10T17:57:10Z,ashish-2106;huyenltnguyen,freeCodeCamp,freeCodeCamp
I_kwDOAbI7X865nvNK,60687,Learn How to share progress in weekly stand up meetings,OPEN,2025-06-03T14:21:58Z,,,freeCodeCamp,freeCodeCamp
I_kwDOAbI7X864wrks,60589,Make editor easier to use,OPEN,2025-05-29T09:41:32Z,,,freeCodeCamp,freeCodeCamp
I_kwDOAbI7X86ytBMY,59756,Add set 2 of questions for CSS Grid quiz,CLOSED,2025-04-16T02:21:28Z,2025-06-10T10:35:43Z,fatma-ajroud;jdwilkin4,freeCodeCamp,freeCodeCamp
I_kwDOAbI7X866N2Wl,60742,chore: update tests to use specific asserts in project euler problems 21-25,CLOSED,2025-06-06T09:22:43Z,2025-06-10T09:46:37Z,DanyelleH,freeCodeCamp,freeCodeCamp
I_kwDOAbI7X86xEzig,59587,Audit Todo App workshop in Full Stack cert,OPEN,2025-04-03T22:25:27Z,,,freeCodeCamp,freeCodeCamp
I_kwDOAbI7X865WfJn,60660,Add test to ensure block name in `meta.json` and in `intro.json` match,OPEN,2025-06-02T11:01:43Z,,,freeCodeCamp,freeCodeCamp
I_kwDOAbI7X866d2MW,60780,"""Build a Markdown to HTML converter"" -- unclear instruction",OPEN,2025-06-08T14:11:18Z,,,freeCodeCamp,freeCodeCamp
I_kwDOAbI7X866g82M,60788,tanstack-query could be used at challenge-editor code,CLOSED,2025-06-09T05:35:07Z,2025-06-09T11:28:03Z,,freeCodeCamp,freeCodeCamp
I_kwDOAbI7X866TT4h,60751,Grammar error in fCC Authors Page - step 12,CLOSED,2025-06-06T19:00:35Z,2025-06-09T11:18:42Z,atithi4dev,freeCodeCamp,freeCodeCamp
I_kwDOAbI7X865W_bs,60661,"Excessive RAM usage in Safari (MacOS 15.5, M2)",CLOSED,2025-06-02T11:40:54Z,2025-06-05T12:48:25Z,,freeCodeCamp,freeCodeCamp
I_kwDOAbI7X865M5HM,60643,Keyboard shortcuts in code editor,OPEN,2025-06-01T12:17:54Z,,,freeCodeCamp,freeCodeCamp
I_kwDOAbI7X863ncHY,60465,Contact users with no email address,OPEN,2025-05-21T15:09:01Z,,,freeCodeCamp,freeCodeCamp
I_kwDOAbI7X864YrCj,60543,Setup i18next types,OPEN,2025-05-27T10:42:46Z,,,freeCodeCamp,freeCodeCamp
I_kwDOAbI7X861DFku,60142,"Add Search Suggestions for Articles, Tutorials, and Books",OPEN,2025-05-03T16:06:15Z,,,freeCodeCamp,freeCodeCamp
I_kwDOAbI7X866eoAx,60782,elmouselhyaboshamia@gmail.com,CLOSED,2025-06-08T18:13:23Z,2025-06-08T18:23:09Z,,freeCodeCamp,freeCodeCamp
I_kwDOAbI7X866en9B,60781,elmouselhyaboshamia@gmail.com,CLOSED,2025-06-08T18:13:03Z,2025-06-08T18:22:57Z,,freeCodeCamp,freeCodeCamp
I_kwDOAbI7X866aSMv,60776,Sprite / loading screen for dark mode?,OPEN,2025-06-07T20:10:23Z,,,freeCodeCamp,freeCodeCamp
I_kwDOAbI7X866aQH6,60775,Automated Security Findings for README,CLOSED,2025-06-07T20:00:25Z,2025-06-07T20:05:28Z,,freeCodeCamp,freeCodeCamp
I_kwDOAbI7X866Hi-f,60733,Minor discrepancy in instructions for Step 6 of Certified Full Stack Developer - Basic HTML - Build a Curriculum Outline,CLOSED,2025-06-05T20:20:06Z,2025-06-07T20:03:04Z,dev-kamil,freeCodeCamp,freeCodeCamp
I_kwDOAbI7X866N0Zm,60741,chore: update tests to use specific asserts in project euler problems 11-20,CLOSED,2025-06-06T09:19:51Z,2025-06-07T20:00:51Z,zenocross,freeCodeCamp,freeCodeCamp
I_kwDOAbI7X866Z-BX,60774,Automated Security Findings for README,CLOSED,2025-06-07T18:47:04Z,2025-06-07T19:40:25Z,,freeCodeCamp,freeCodeCamp
I_kwDOAbI7X866N2kU,60743,typo at camper.tsx component code( TopContibutorBadgeEmblem -> TopContributorBadgeEmblem),CLOSED,2025-06-06T09:22:58Z,2025-06-07T19:36:45Z,forge34,freeCodeCamp,freeCodeCamp
I_kwDOAbI7X866ZyhB,60772,Automated Security Findings for README,CLOSED,2025-06-07T17:57:01Z,2025-06-07T18:44:59Z,,freeCodeCamp,freeCodeCamp
I_kwDOAbI7X866Zrm6,60771,Automated Security Findings for README,CLOSED,2025-06-07T17:27:19Z,2025-06-07T17:30:33Z,,freeCodeCamp,freeCodeCamp
I_kwDOAbI7X866Zk1o,60770,Automated Security Findings for README,CLOSED,2025-06-07T17:02:48Z,2025-06-07T17:12:46Z,,freeCodeCamp,freeCodeCamp
I_kwDOAbI7X866Ss0N,60746,Use `md` for plain text code blocks,CLOSED,2025-06-06T17:48:17Z,2025-06-07T07:33:10Z,StephenMuya,freeCodeCamp,freeCodeCamp
I_kwDOAbI7X866Wewb,60758,blank issue1,CLOSED,2025-06-07T04:53:13Z,2025-06-07T06:57:02Z,,freeCodeCamp,freeCodeCamp
I_kwDOAbI7X866I4yo,60737,Misplaced feedback in Learn Greetings in Your First Day at the Office - Task 3,CLOSED,2025-06-05T22:34:13Z,2025-06-06T20:37:57Z,sharon1999,freeCodeCamp,freeCodeCamp
I_kwDOAbI7X86ytAfG,59755,Add set 2 of questions for CSS Variables quiz,CLOSED,2025-04-16T02:19:27Z,2025-06-06T17:23:34Z,Omar8345;huyenltnguyen,freeCodeCamp,freeCodeCamp
I_kwDOAbI7X866Rq5h,60744,Certified Full Stack Developer Curriculum: Build a Curriculum Outline,CLOSED,2025-06-06T15:58:38Z,2025-06-06T16:02:42Z,,freeCodeCamp,freeCodeCamp
I_kwDOAbI7X863UMz6,60449,Python Terminal not Accessible via Screen Reader,CLOSED,2025-05-20T03:41:02Z,2025-06-06T12:28:30Z,huyenltnguyen,freeCodeCamp,freeCodeCamp
I_kwDOAbI7X8654kma,60712,chore: update to specific asserts project euler problems 1-10,CLOSED,2025-06-04T17:48:21Z,2025-06-05T19:03:08Z,Vishal-Telukula,freeCodeCamp,freeCodeCamp
I_kwDOAbI7X8654mhh,60713,chore: update asserts in workshop cat painting steps 75-77,CLOSED,2025-06-04T17:51:42Z,2025-06-05T16:57:07Z,,freeCodeCamp,freeCodeCamp
I_kwDOAbI7X865qfJu,60691,Adding popular auth options directly in the lading page,OPEN,2025-06-03T18:00:37Z,,,freeCodeCamp,freeCodeCamp
I_kwDOAbI7X865ytFM,60704,multifile editor accessiblity issues,CLOSED,2025-06-04T09:05:51Z,2025-06-05T11:35:08Z,,freeCodeCamp,freeCodeCamp
I_kwDOAbI7X8657zpZ,60722,Our Description of the Web design Certification,CLOSED,2025-06-05T00:20:17Z,2025-06-05T09:13:53Z,,freeCodeCamp,freeCodeCamp
I_kwDOAbI7X861vbc0,60231,Code evaluated twice after saving,OPEN,2025-05-08T14:02:29Z,,,freeCodeCamp,freeCodeCamp
I_kwDOAbI7X8659EA0,60724,Code change,CLOSED,2025-06-05T04:26:24Z,2025-06-05T05:45:25Z,,freeCodeCamp,freeCodeCamp
I_kwDOAbI7X8647maK,60609,Add intros to Chapters,OPEN,2025-05-30T09:25:17Z,,,freeCodeCamp,freeCodeCamp
I_kwDOAbI7X864yTJO,60597,Update How to Translate guide,CLOSED,2025-05-29T12:28:35Z,2025-06-04T19:42:24Z,,freeCodeCamp,freeCodeCamp
I_kwDOAbI7X8632z_P,60493,screen reader jaws issue with code examples in quiz,CLOSED,2025-05-22T21:36:04Z,2025-06-02T16:18:15Z,huyenltnguyen,freeCodeCamp,freeCodeCamp
I_kwDOAbI7X8652pk4,60708,change title to lecture,CLOSED,2025-06-04T14:42:47Z,2025-06-04T15:52:31Z,cuteshaun,freeCodeCamp,freeCodeCamp
I_kwDOAbI7X862tl3F,60366,Session Recordings Common UX issues.,OPEN,2025-05-15T08:27:13Z,,,freeCodeCamp,freeCodeCamp
I_kwDOAbI7X865k7wX,60680,Typo in Lightbox Viewer lab intro,CLOSED,2025-06-03T10:53:37Z,2025-06-04T07:32:03Z,kellbosu,freeCodeCamp,freeCodeCamp
I_kwDOAbI7X861mrXN,60219,Number constructor lecture video has incorrect code example and explanation,OPEN,2025-05-07T18:19:02Z,,,freeCodeCamp,freeCodeCamp
I_kwDOAbI7X865U2gk,60654,chore: update nutritional label workshop steps 1-2 to use specific asserts,CLOSED,2025-06-02T08:58:00Z,2025-06-03T21:40:48Z,huyenltnguyen;kkoeplin,freeCodeCamp,freeCodeCamp
I_kwDOAbI7X86xIIqJ,59592,Create lecture files for python chapter,CLOSED,2025-04-04T08:51:06Z,2025-06-03T21:36:33Z,ilenia-magoni,freeCodeCamp,freeCodeCamp
I_kwDOAbI7X865nEm4,60686,Newlines break Movie Review Page test,CLOSED,2025-06-03T13:39:14Z,2025-06-03T21:33:34Z,StephenMuya,freeCodeCamp,freeCodeCamp
I_kwDOAbI7X864sFrV,60576,first challenge of backend and api microservices does not give enough infos,OPEN,2025-05-28T21:09:54Z,,,freeCodeCamp,freeCodeCamp
I_kwDOAbI7X864sJtn,60577,greeting bot teaches declaration then assignment,OPEN,2025-05-28T21:16:32Z,,,freeCodeCamp,freeCodeCamp
I_kwDOAbI7X861E7Zc,60147,Import Fonts Error in Build an Event Flyer Page,CLOSED,2025-05-04T12:06:39Z,2025-06-03T20:28:16Z,MelvinManni;ilenia-magoni,freeCodeCamp,freeCodeCamp
I_kwDOAbI7X86r08iJ,59022,Feature: add a playground page,OPEN,2025-02-26T20:50:01Z,,,freeCodeCamp,freeCodeCamp
I_kwDOAbI7X864dV1c,60551,chore: update cat painting workshops steps 54-55-56 to use specific asserts,CLOSED,2025-05-27T17:44:00Z,2025-06-03T17:47:15Z,c0d1ng-ma5ter;gikf,freeCodeCamp,freeCodeCamp
I_kwDOAbI7X865ZV8N,60664,test issue in voting system lab,CLOSED,2025-06-02T14:26:02Z,2025-06-03T17:42:06Z,Supravisor;gikf,freeCodeCamp,freeCodeCamp
I_kwDOAbI7X865U0Sm,60653,chore: update asserts in magazine workshop steps 15-16-17,CLOSED,2025-06-02T08:55:21Z,2025-06-03T17:31:04Z,anurpeljto,freeCodeCamp,freeCodeCamp
I_kwDOAbI7X86kZtez,57750,Lecture blocks left to add for the Frontend Libraries Chapter,CLOSED,2024-12-24T18:49:12Z,2025-06-03T15:59:30Z,,freeCodeCamp,freeCodeCamp
I_kwDOAbI7X865IGtW,60634,Full Stack Curriculum: CSS Lecture Quiz assumes knowledge of concepts not yet introduced,CLOSED,2025-05-31T18:24:25Z,2025-06-03T15:43:52Z,StephenMuya;ilenia-magoni,freeCodeCamp,freeCodeCamp
I_kwDOAbI7X864q31X,60571,Semantic HTML Review doesn't mention section element,CLOSED,2025-05-28T18:42:54Z,2025-06-03T10:54:52Z,Supravisor;ilenia-magoni,freeCodeCamp,freeCodeCamp
I_kwDOAbI7X86DTzFp,54189,Add Gitpod instructions on how to share code/workspaces,CLOSED,2024-03-22T17:45:16Z,2024-04-25T18:28:43Z,,freeCodeCamp,freeCodeCamp
I_kwDOAbI7X865aJCk,60668,Typo in Learn Data Types and Conditionals Lesson D,CLOSED,2025-06-02T15:22:13Z,2025-06-02T16:56:26Z,ItsAbhinavM,freeCodeCamp,freeCodeCamp
I_kwDOAbI7X864wPlK,60585,chore: update project euler problems 301-400 to use specific asserts,CLOSED,2025-05-29T08:53:57Z,2025-06-02T16:21:10Z,DanBokete,freeCodeCamp,freeCodeCamp
I_kwDOAbI7X865VHjq,60655,introduction sentence to lectures,CLOSED,2025-06-02T09:18:43Z,2025-06-02T15:56:05Z,TrevorBrowning,freeCodeCamp,freeCodeCamp
I_kwDOAbI7X865M4y1,60641,Enhancement: Add browser compatibility note for Flexbox challenges,CLOSED,2025-06-01T12:17:06Z,2025-06-02T13:44:28Z,,freeCodeCamp,freeCodeCamp
I_kwDOAbI7X865M4Gz,60639,"Suggestion: Add more examples to the ""Use the .filter() Method"" challenge",CLOSED,2025-06-01T12:14:46Z,2025-06-01T13:33:43Z,,freeCodeCamp,freeCodeCamp
I_kwDOAbI7X85-9VJt,53660,Improvements for the mobile editor,CLOSED,2024-02-12T12:10:06Z,2025-06-02T13:39:32Z,,freeCodeCamp,freeCodeCamp
I_kwDOAbI7X8641Cvm,60603,Update last comprehension check question in Currying lecture,CLOSED,2025-05-29T16:51:26Z,2025-06-02T12:23:31Z,vishnudt2004,freeCodeCamp,freeCodeCamp
I_kwDOAbI7X865Gl8C,60632,Failing tests for the Build a Rock Paper Scissors Game,CLOSED,2025-05-31T13:48:41Z,2025-06-02T12:02:29Z,huyenltnguyen,freeCodeCamp,freeCodeCamp
I_kwDOAbI7X865GJTV,60628,Improper indentation in code - fCC Authors Page,CLOSED,2025-05-31T12:07:58Z,2025-06-02T09:58:57Z,dev-kamil,freeCodeCamp,freeCodeCamp
I_kwDOAbI7X864rwa-,60574,chore: update magazine workshop step 17 to use specific asserts,CLOSED,2025-05-28T20:27:40Z,2025-06-02T08:32:14Z,TaemnLee,freeCodeCamp,freeCodeCamp
I_kwDOAbI7X864wOz5,60584,chore: update project euler problesm 401-480 to use specific asserts,CLOSED,2025-05-29T08:52:33Z,2025-06-02T08:31:04Z,FairgrieveCS,freeCodeCamp,freeCodeCamp
I_kwDOAbI7X865M5Yr,60645,"Enhancement: Highlight ""good first issues"" in README for new contributors",CLOSED,2025-06-01T12:18:34Z,2025-06-02T08:22:49Z,,freeCodeCamp,freeCodeCamp
I_kwDOAbI7X865M4pc,60640,Formatting Issue: Inconsistent spacing in challenge hints,CLOSED,2025-06-01T12:16:41Z,2025-06-02T08:21:40Z,,freeCodeCamp,freeCodeCamp
I_kwDOAbI7X865M48N,60642,"Minor grammar correction in ""Basic JavaScript: Profile Lookup"" challenge",CLOSED,2025-06-01T12:17:30Z,2025-06-02T08:21:04Z,,freeCodeCamp,freeCodeCamp
I_kwDOAbI7X865PVfp,60650,rror: listen EADDRINUSE: address already in use :::3000 & Error: Cannot find module 'fcc-express-bground',CLOSED,2025-06-01T20:23:47Z,2025-06-01T20:43:11Z,,freeCodeCamp,freeCodeCamp
I_kwDOAbI7X8648lRC,60612,Allow `var` declaration,CLOSED,2025-05-30T10:56:42Z,2025-06-02T08:04:27Z,c0d1ng-ma5ter,freeCodeCamp,freeCodeCamp
I_kwDOAbI7X865BVic,60624,Backticks used incorrectly for HTTP method string in Fetch API example,CLOSED,2025-05-30T19:53:39Z,2025-05-31T06:22:52Z,dev-kamil,freeCodeCamp,freeCodeCamp
I_kwDOAbI7X8648gQY,60611,unclear wording in flexbox quiz,CLOSED,2025-05-30T10:47:49Z,2025-05-30T21:07:07Z,vishnudt2004,freeCodeCamp,freeCodeCamp
I_kwDOAbI7X863ols7,60470,Todo App using Local Storage — seriously reconsider using localStorage.clear(),CLOSED,2025-05-21T16:53:54Z,2025-05-30T21:06:52Z,c0d1ng-ma5ter;huyenltnguyen,freeCodeCamp,freeCodeCamp
I_kwDOAbI7X864qAVH,60569,Update mocking lecture video and transcript,CLOSED,2025-05-28T17:09:57Z,2025-05-30T18:18:51Z,beaucarnes;moT01,freeCodeCamp,freeCodeCamp
I_kwDOAbI7X86r0d14,59020,Rename Mario Project,CLOSED,2025-02-26T19:52:58Z,2025-05-30T17:01:33Z,moT01,freeCodeCamp,freeCodeCamp
I_kwDOAbI7X86r0fRy,59021,Rename Pokemon Project,CLOSED,2025-02-26T19:55:15Z,2025-05-30T17:01:34Z,moT01,freeCodeCamp,freeCodeCamp
I_kwDOAbI7X863nkQR,60466,IDPs and Social providers like Apple may not provide email address,CLOSED,2025-05-21T15:18:39Z,2025-05-30T17:02:56Z,ojeytonwilliams,freeCodeCamp,freeCodeCamp
I_kwDOAbI7X864xIVC,60592,Optimize the multiple choice questions for usability,OPEN,2025-05-29T10:27:55Z,,,freeCodeCamp,freeCodeCamp
I_kwDOAbI7X8644yh5,60605,Typo in Step 5 of Build a Loan Qualification Checker Lab,CLOSED,2025-05-30T02:07:21Z,2025-05-30T15:40:16Z,TrevorBrowning,freeCodeCamp,freeCodeCamp
I_kwDOAbI7X86ysvbG,59745,Add set 2 of questions for Backgrounds and borders quiz,CLOSED,2025-04-16T01:34:57Z,2025-05-30T15:40:04Z,roberiacono,freeCodeCamp,freeCodeCamp
I_kwDOAbI7X8640bhS,60599,Inventory Management Program - Allow var declaration,CLOSED,2025-05-29T15:49:39Z,2025-05-30T10:41:22Z,Supravisor,freeCodeCamp,freeCodeCamp
I_kwDOAbI7X864wj8x,60588,Typo in Learn to Solve Problems and Understand Errors Lesson H,CLOSED,2025-05-29T09:28:45Z,2025-05-30T06:50:43Z,drrakonov,freeCodeCamp,freeCodeCamp
I_kwDOAbI7X864rury,60573,chore: update steps 62-63-64 to use specific asserts in workshop cat painting,CLOSED,2025-05-28T20:24:21Z,2025-05-29T19:36:33Z,neo,freeCodeCamp,freeCodeCamp
I_kwDOAbI7X864wQvj,60586,chore: update project euler problems 201-300 to use specific asserts,CLOSED,2025-05-29T08:55:57Z,2025-05-29T19:29:17Z,cstidm2,freeCodeCamp,freeCodeCamp
I_kwDOAbI7X864wRuY,60587,chore: update project euler problems 101-200 to use specific asserts,CLOSED,2025-05-29T08:57:53Z,2025-05-29T19:21:53Z,AishwaryaRajput09,freeCodeCamp,freeCodeCamp
I_kwDOAbI7X864b1Ju,60547,Fix mobile responsive issues for Weather app,CLOSED,2025-05-27T15:12:31Z,2025-05-29T17:44:50Z,dev-kamil,freeCodeCamp,freeCodeCamp
I_kwDOAbI7X864xdHt,60594,typo in lab - weather app - test 15,CLOSED,2025-05-29T11:02:19Z,2025-05-29T14:03:09Z,RobTou,freeCodeCamp,freeCodeCamp
I_kwDOAbI7X864dObI,60550,Issue with What Are Some Common Accessibility Auditing Tools to Use?,CLOSED,2025-05-27T17:31:18Z,2025-05-29T11:45:35Z,RITIKMANGAL,freeCodeCamp,freeCodeCamp
I_kwDOAbI7X864ucAi,60583,Can a one-time donation remove ads?,CLOSED,2025-05-29T04:58:48Z,2025-05-29T06:04:38Z,,freeCodeCamp,freeCodeCamp
I_kwDOAbI7X86uxnmH,59343,Update FSD order to reflect changes discussed in curriculum meeting,CLOSED,2025-03-19T15:33:29Z,2025-05-28T22:31:35Z,moT01,freeCodeCamp,freeCodeCamp
I_kwDOAbI7X86QC8Cd,55559,Allow all valid versions of browser alert,CLOSED,2024-07-18T15:10:51Z,2025-05-28T17:36:35Z,Monica Behrend;monbehre;raisedadead;riyueguang,freeCodeCamp,freeCodeCamp
I_kwDOAbI7X864dI5R,60549,"Issue with What Is the CSS Box Model, and How Does It Work? lecture",OPEN,2025-05-27T17:21:21Z,,,freeCodeCamp,freeCodeCamp
I_kwDOAbI7X86iV28g,57436,URGENT - labs need a reset code button,CLOSED,2024-12-06T18:03:16Z,2025-05-28T15:18:40Z,,freeCodeCamp,freeCodeCamp
I_kwDOAbI7X86wD3Tw,59469,Break up accessibility lecture block into smaller blocks,CLOSED,2025-03-27T17:05:58Z,2025-05-28T15:13:19Z,jdwilkin4,freeCodeCamp,freeCodeCamp
I_kwDOAbI7X861cTFs,60200,Width for code examples in lectures are not the same,OPEN,2025-05-06T21:46:42Z,,,freeCodeCamp,freeCodeCamp
I_kwDOAbI7X864euHO,60555,[TOP] Typo in Learn to Solve Problems and Understand Errors Lesson C,CLOSED,2025-05-27T20:03:50Z,2025-05-28T10:49:16Z,“anjanavishvanath”,freeCodeCamp,freeCodeCamp
I_kwDOAbI7X864lAet,60560,Keyboard does not work in the console,CLOSED,2025-05-28T09:36:46Z,2025-05-28T10:36:04Z,,freeCodeCamp,freeCodeCamp
I_kwDOAbI7X864WKON,60535,Improve post-sign-up feedback for new and returning users.,CLOSED,2025-05-27T06:54:10Z,2025-05-28T09:27:13Z,,freeCodeCamp,freeCodeCamp
I_kwDOAbI7X864jjkq,60556,Design a movie review page,CLOSED,2025-05-28T07:22:03Z,2025-05-28T08:25:53Z,,freeCodeCamp,freeCodeCamp
I_kwDOAbI7X864Yfww,60541,Typo in Discuss Your Morning or Evening Routine - Task 9,CLOSED,2025-05-27T10:25:20Z,2025-05-28T08:17:34Z,phoenixvasu,freeCodeCamp,freeCodeCamp
I_kwDOAbI7X86qG_r-,58807,Navbar style breaks in high contrast mode due to transparency/white background,OPEN,2025-02-14T15:09:34Z,,,freeCodeCamp,freeCodeCamp
I_kwDOAbI7X863jSmo,60460,"Incomplete sentence in Workshop ""Build a Todo App using Local Storage"" - Step 53",CLOSED,2025-05-21T09:00:32Z,2025-05-27T19:01:50Z,,freeCodeCamp,freeCodeCamp
I_kwDOAbI7X859o6mT,53449,Add missing backticks for numbers for step 166 and 167 RPG game,CLOSED,2024-01-30T13:32:40Z,2024-01-31T06:10:01Z,ahujaesh,freeCodeCamp,freeCodeCamp
I_kwDOAbI7X864YegG,60540,Typo in JS review,CLOSED,2025-05-27T10:23:17Z,2025-05-27T16:54:35Z,dev-kamil,freeCodeCamp,freeCodeCamp
I_kwDOAbI7X864AmkT,60507,Weather App - helper function does not allow for encodeURIComponent encoded URLs,CLOSED,2025-05-23T18:10:58Z,2025-05-27T14:33:53Z,Anideep-Kalia,freeCodeCamp,freeCodeCamp
I_kwDOAbI7X86361KS,60497,[Coding Interview Prep Algorithms] Update intros to mention JS only solutions,CLOSED,2025-05-23T08:38:30Z,2025-05-27T14:14:33Z,nobu1,freeCodeCamp,freeCodeCamp
I_kwDOAbI7X863-KTz,60503,Build a Permutation Generator Test 7,CLOSED,2025-05-23T14:12:47Z,2025-05-27T10:53:24Z,AilaLu,freeCodeCamp,freeCodeCamp
I_kwDOAbI7X85ujMfT,51311,Create simple UI/Client to play with API,CLOSED,2023-08-17T10:25:41Z,2025-05-27T07:43:41Z,,freeCodeCamp,freeCodeCamp
I_kwDOAbI7X863QIEY,60438,Handle 403 error with msg and do not send to sentry.,CLOSED,2025-05-19T16:49:49Z,2025-05-27T04:21:04Z,ojeytonwilliams,freeCodeCamp,freeCodeCamp
I_kwDOAbI7X864GctH,60516,[Curriculum]- New Tool feature; chai-ify in challenge editor,OPEN,2025-05-24T20:01:29Z,,,freeCodeCamp,freeCodeCamp
I_kwDOAbI7X864KFMS,60523,Test too strict in movie review page ,CLOSED,2025-05-25T23:32:06Z,2025-05-26T16:55:59Z,huyenltnguyen;lejenhan,freeCodeCamp,freeCodeCamp
I_kwDOAbI7X863dPAc,60457,Movie Review Page - imprecise requirements,CLOSED,2025-05-20T18:29:47Z,2025-05-26T09:13:27Z,PabloGarza328,freeCodeCamp,freeCodeCamp
I_kwDOAbI7X864Ljyp,60525,"Console Error: ""expected { status: 'unavailable' } to be an array"" appears despite all tests passing",CLOSED,2025-05-26T05:21:01Z,2025-05-26T05:39:31Z,,freeCodeCamp,freeCodeCamp
I_kwDOAbI7X864Cv4R,60511,Typo on The Odin Project -- Spanish version,CLOSED,2025-05-23T23:41:36Z,2025-05-25T23:41:57Z,,freeCodeCamp,freeCodeCamp
I_kwDOAbI7X864GgFq,60517,Added comments for newcomers,CLOSED,2025-05-24T20:27:54Z,2025-05-25T23:35:02Z,,freeCodeCamp,freeCodeCamp
I_kwDOAbI7X863opT2,60471,Todo App using Local Settings — final step,CLOSED,2025-05-21T17:00:40Z,2025-05-25T17:58:20Z,huyenltnguyen;roberiacono,freeCodeCamp,freeCodeCamp
